Objra,Objdec,mangaid,plateifu
247.142439679,39.4185891599,    1-210748 ,   8550-1902 
132.465646765,57.1437279024,     1-48111 ,  10001-3701 
241.799551053,48.5725625102,     1-92626 ,   8482-9101 
193.54196,43.266985,   7-9150970 ,   8797-3702 
208.76943,31.736437, 3-137518774 ,  9544-12702 
145.53923,54.786786, 3-151067713 ,  9541-12703 
297.63435,18.828972, 54-38642114 ,  9975-12701 
293.17842,48.422313,  7-17746129 ,  8670-12703 
120.311639354,26.3331764922,    1-163917 ,   8941-1902 
37.845,48.85753,     27-1037 ,   8037-3702 
199.59033,72.729042,   7-9445936 ,  8913-12702 
117.878145946,39.9958424565,     1-43896 ,   8713-6103 
206.665517192,34.2245412546,    1-409109 ,   8445-1902 
113.38736,4.585921,   7-2190078 ,  9531-12705 
261.178503045,53.8551421479,     1-24623 ,   9196-3701 
310.372774656,0.132255039507,    1-178790 ,   8623-3702 
116.110427262,29.2693961696,    1-604816 ,   8146-3702 
202.508845323,31.776693291,    1-420770 ,   8444-1902 
167.15437657,43.0042373453,    1-256002 ,  8258-12705 
270.09856,-9.0487247,     3-24698 ,  8638-12701 
131.381674782,53.9590028786,     1-47290 ,   8243-3704 
240.960024301,41.5218602856,    1-569216 ,  8313-12704 
116.771614003,30.9368164997,    1-152742 ,   8936-1901 
40.629535,60.81128,  7-24049812 ,   9542-6103 
291.87815,0.030722987,  7-17589140 ,   9126-6101 
147.604836276,44.0406378719,    1-167075 ,  8459-12704 
246.61102855,29.0149735651,    1-272470 ,   9025-3704 
320.71227,7.3521261,  3-96831908 ,  9119-12703 
313.79149,56.286852,  3-19005042 ,  9124-12704 
224.25536,21.245867,  7-11327163 ,  9010-12701 
204.82718,-0.09272,     4-20967 ,   8581-3701 
259.874577274,55.43295833,     1-25819 ,   7991-3701 
284.96846,-10.749891,  3-80099807 ,   9686-3701 
252.29291,-0.84894923, 3-142047949 ,  9009-12703 
191.10181,12.82911,     4-20296 ,   8268-6103 
82.777099,10.205244,  7-27086354 ,   8883-1901 
122.08452395,39.0236299957,    1-122284 ,   9183-6101 
241.50555,7.2509733, 3-141462029 ,   9807-3703 
142.32463,47.147538, 3-149060699 ,   9775-1902 
70.32185,25.525777,  3-25131275 ,   9288-9102 
289.15967,47.42384, 54-47914812 ,  9803-12704 
121.273000921,37.6255983907,    1-121973 ,   9485-6104 
67.059072,25.713219,  3-29283595 ,   9287-6103 
337.38583,50.74876,  7-21925710 ,   9535-6104 
115.28115,66.906933, 3-159114988 ,  9539-12703 
136.657756482,29.0692480115,    1-386847 ,  8987-12703 
11.636946,-11.679883, 3-106154043 ,  8659-12704 
197.803268306,49.4152615951,    1-234270 ,  8465-12703 
6.036982,69.4389,  7-24721459 ,  8700-12702 
229.445,2.075289,  7-12009785 ,   9017-1901 
123.265370207,24.5669929863,    1-298640 ,  9509-12701 
204.635804181,26.1347285111,    1-626822 ,   8983-3701 
195.2415771,26.9764481,        50-9 ,   8479-6102 
288.99719,-28.066058, 3-100754688 ,  9098-12701 
82.801913,-0.83864776,  3-52006150 ,   9475-1901 
272.02689,-8.2199405,  3-56515598 ,   8667-9101 
164.8642,47.526823, 3-140608451 ,  9804-12705 
121.807870048,40.2496203549,     1-72193 ,   9486-3703 
213.537366962,43.1973205721,    1-265919 ,   8333-9101 
344.91274,59.252571,  3-45054175 ,  8699-12705 
244.17735,51.611628, 3-157092322 ,  9011-12704 
191.08786,-2.0023783, 3-109545694 ,   8929-3701 
163.58408,48.952026, 3-142445755 ,   9805-6103 
86.431517,9.593319,  7-27470237 ,   9482-1901 
126.617107942,20.7219144456,    1-384097 ,   9488-3701 
115.07298,5.386771, 3-142093590 ,   9531-6104 
350.91166,51.459376,  3-70619613 ,  9303-12701 
83.547435,-7.4064947,  3-62470118 ,   9660-3701 
86.432103,-1.6725383,  3-47970272 ,   8897-6104 
48.534472,48.709048,  7-24312514 ,   8808-6104 
131.048615932,23.5346951562,    1-385415 ,  9493-12703 
166.689224683,45.9072542601,    1-277525 ,   8993-1902 
253.29688,11.4773,  7-13589411 ,   9859-6103 
57.1300701239,-0.920530281955,    1-289993 ,  8086-12701 
115.042928938,32.2064392751,    1-604797 ,  8139-12704 
201.743029603,32.5365141139,    1-421767 ,   8444-6102 
41.6431103101,-0.843537381902,     1-36945 ,   8077-9101 
310.217078243,0.652804433245,    1-635285 ,  8623-12702 
200.213653253,31.390762043,    1-419231 ,   8322-9102 
187.493919072,44.3016765831,    1-258536 ,   8464-3703 
99.60917,22.49034,     27-1660 ,   8048-6101 
82.938827,-4.00207,  7-27093002 ,   9533-1901 
163.21868,48.337083, 3-142072393 ,   9804-3701 
119.779693162,52.7471754361,    1-379199 ,   8716-1901 
270.55666,-8.4777117,     3-17520 ,   8638-1901 
271.9365,-8.6824699,  3-57032188 ,   8667-3703 
164.0805,-3.0474514, 3-110099828 ,   8960-6102 
257.594301768,36.3396030958,    1-547180 ,   7957-3702 
246.392914881,41.6813939003,    1-594453 ,   9029-6102 
11.573104,43.125983,       52-12 ,   9678-6101 
194.917190892,44.3308701337,    1-259538 ,   8317-3703 
33.0229,-5.6469326, 3-103628756 ,  8662-12701 
340.52253,23.941393,  3-97480494 ,   8658-6101 
238.357812063,41.7008085891,    1-199756 ,   9038-1902 
248.426385752,39.1851196817,    1-211311 ,   8550-3704 
276.63051,4.0516294,  3-41670033 ,   8708-1901 
45.6984025268,0.964835657488,     1-37546 ,  8154-12703 
234.127669317,41.1747630773,    1-322436 ,   9872-3704 
288.71881,42.164969,  7-17295574 ,  9079-12704 
194.142408186,27.6873335763,    1-456537 ,   8933-3701 
288.75943,45.522068,   3-7451318 ,  8672-12705 
156.193566849,46.4560652324,    1-608874 ,   8452-3701 
316.88646,55.590773,  7-20493106 ,   9298-3702 
237.45050495,29.1712890978,    1-633308 ,  9041-12705 
176.05495,2.2296155, 3-109278902 ,  8930-12701 
319.103189368,10.2733865439,    1-635506 ,   8618-6102 
329.0674,45.279849,  3-54365255 ,   9261-6102 
190.06233,-3.3473524, 3-109232372 ,   8929-6101 
54.7941,0.30815533,  3-90367961 ,  9520-12705 
118.855393765,39.1860944299,     1-71974 ,   8713-9102 
191.0465,-3.7372082, 3-109275386 ,  8929-12702 
136.249888208,28.3477202508,    1-386605 ,   8987-3701 
123.517577606,46.0048945727,     1-45175 ,   9487-1902 
249.390916115,44.8707860731,     1-94785 ,   9026-6103 
124.225833893,45.2631016952,     1-45187 ,   9487-3701 
166.02961,9.80754,   7-7773401 ,   9672-6101 
240.70031,5.7065328, 3-139680744 ,   8640-3701 
148.046129266,33.4509909246,    1-390151 ,   8150-6101 
169.539016286,45.6186388631,    1-279120 ,   8466-3703 
234.541843983,57.6036530229,     1-90231 ,   8553-9102 
14.7008,40.28186,     4-15426 ,   8114-1902 
54.8917856748,-0.511959862583,     1-38856 ,  8156-12702 
174.317747615,45.7573989593,    1-257412 ,  8945-12705 
166.08027,11.862428, 3-113701574 ,   9065-3703 
82.281813,2.2199858,  3-47418484 ,  8902-12703 
25.646429,84.622037,   3-2343022 ,   9069-6104 
256.565805366,35.417154988,    1-547107 ,   7957-3704 
57.448929,67.889014,        51-6 ,   9673-3704 
127.20001511,29.5143273716,    1-218695 ,   9510-6104 
313.64713,56.189563,  3-19005031 ,  9298-12705 
285.55352,45.356222,   3-5770453 ,   9860-6103 
223.562877073,49.4304975378,    1-198159 ,   9865-9101 
169.684933409,21.5641842202,    1-488620 ,   8449-9102 
119.71282153,37.6967584672,    1-121803 ,   9181-1901 
258.99197773,33.6434930207,    1-547433 ,   7958-1902 
116.43123,32.10292,    1-604821 ,  8139-12705 
224.64574,21.800363,  7-11543560 ,  9980-12702 
151.284150888,45.9779718217,    1-167336 ,   8456-6102 
116.596108052,23.0932631415,    1-163511 ,  8726-12703 
125.944507218,23.5893148394,    1-384065 ,   8939-9102 
237.671022913,42.6387661511,    1-248077 ,   9038-3703 
164.62208,-2.6312116, 3-110047266 ,   8961-6104 
227.91364,1.0098617, 3-124814086 ,   9017-3701 
195.33049907,27.8604631663,    1-457130 ,   8933-3704 
240.10312,5.8330771, 3-139452198 ,   8640-9102 
184.633472759,46.2984553717,    1-282150 ,   8263-9101 
61.6808056016,-5.11472389447,     1-52720 ,   8158-6103 
117.37715992,20.3598060907,    1-229458 ,   9497-6102 
191.48288,11.458998, 3-112694716 ,   8918-3701 
254.054373844,33.590584195,    1-176422 ,   8613-3701 
287.99213,51.107785,  7-17154807 , 10008-12702 
226.962271931,43.5227049063,    1-321967 ,   8552-1902 
199.0404,72.741994,   7-9469047 ,  9012-12704 
173.345940122,49.0380427423,    1-174429 ,  8990-12701 
247.893876589,40.5655973228,    1-135030 ,  8603-12704 
57.24838236,0.925977123341,    1-229060 ,   8086-9102 
81.616458,2.157941,  3-48496860 ,   8901-3703 
297.05508,43.481393,  7-18048694 ,  10010-9102 
68.561363,0.055633353,  3-71694463 ,   8773-3701 
230.598339798,43.3677764021,    12-84670 ,   7443-3702 
183.396894412,35.8001755194,    1-419345 ,   8554-3703 
226.07779,35.328891,  7-11739508 ,   9658-3701 
58.8867302008,-5.3679449106,     1-52368 ,   8728-6103 
125.361695991,24.453072081,    1-298715 ,   8939-3701 
92.66443,-7.322753,  7-27873694 ,   8909-6102 
194.88387,27.972318,        50-2 ,  9051-12701 
283.44928,41.910474,  7-16981511 ,  9127-12703 
290.14597,47.191015,  7-17597273 ,  9803-12703 
252.37446,-1.9176633, 3-141452340 ,  9009-12704 
270.48669,-9.4445628,     3-45297 ,  8638-12702 
203.937687741,27.8676047844,    1-395533 ,  8984-12704 
92.364795,-6.9275203, 3-145896167 ,   8908-3702 
64.467304,18.713644,  7-25518098 ,   8777-1902 
204.917866221,35.0233605804,    1-409168 ,   8445-9101 
248.788258728,46.213894535,    1-574355 ,  8484-12703 
205.22713,0.18668,     4-20990 ,   8267-1901 
235.540149707,28.2569582583,    1-316933 ,   9041-3701 
150.562932234,34.3278287288,    1-390999 ,   8944-6104 
85.336548,-3.1001322,  3-52008985 ,   8897-1902 
140.44174,47.235081, 3-149693701 ,   9670-3702 
166.55729,12.159789, 3-113585039 ,   9065-6103 
189.958285005,45.9335624945,    1-259058 ,   8341-3702 
85.317835,-12.006393,  53-1343492 ,   9676-9102 
81.12736,-0.50254401,  7-26857214 ,   9478-9102 
243.21139,52.200458, 3-157005178 ,   8920-9102 
194.922091018,28.5071906731,    1-404243 ,   9876-9101 
204.674179172,27.742410862,    1-626829 ,   8952-6103 
133.575121613,26.5061185067,    1-386154 ,   9506-1902 
258.027617964,57.5040078073,     1-24099 ,   7991-1902 
314.78041,64.354898,  7-19930530 ,  9263-12703 
171.657261919,51.5730412626,    1-149561 ,   8992-3702 
172.171842047,21.8469437624,    1-491220 ,   8450-1902 
118.813053873,33.6421529369,    1-121334 ,   8977-1902 
213.103435454,44.4608684501,    1-265988 ,   8329-6103 
195.046405681,28.0652475985,    1-456877 ,   9876-1901 
37.243852,62.223289,  7-23407784 ,   9248-9102 
120.321277844,39.2168224228,     1-72087 ,   9182-6101 
294.98573,45.842046,  7-17762348 ,  9304-12705 
229.32448,29.40054,    1-593748 ,  9891-12703 
126.329009561,20.3980989477,    1-412858 ,   9488-9101 
213.432186232,43.6624813137,    1-569225 ,   8329-3701 
182.857363346,44.4360205784,    1-258311 ,   8262-1901 
56.862717,68.123581,       51-13 ,  9673-12701 
240.75582,5.5987956, 3-139680671 ,   8640-3704 
240.01002,5.8846134, 3-139452167 ,  8636-12705 
100.5395,22.951726, 3-154951898 ,   8804-6102 
195.875167844,28.2747193004,    1-624035 ,   8949-3703 
130.048209256,22.7358865802,    1-413040 ,   9493-6104 
288.27586,-2.6576801,  3-71440319 ,   9117-6102 
117.481133465,29.420208304,    1-556516 ,  8146-12704 
176.61123,1.80251,     27-1871 ,   8052-3701 
152.3264,25.779175, 3-131370202 ,   9669-1901 
328.80605,45.969914,  3-52853808 ,   9261-6103 
164.72342,10.534774, 3-113585405 ,   9065-3702 
6.64592,57.70394,      27-785 ,   8034-3703 
59.792928,26.156687,  7-24947280 ,   8780-9101 
142.3737,54.401195,   7-5630217 ,   8911-3701 
186.659041558,44.9214107215,    1-258589 ,  8262-12703 
257.532896417,32.294166029,    1-561017 ,   9185-3704 
85.702485,-3.4131997,  3-52009213 ,  8899-12705 
194.060945053,27.5063295051,    1-456381 ,   8931-3702 
232.167336246,43.0226831011,   12-180451 ,   7443-3703 
215.704219892,42.3956483269,    1-266298 ,   8333-1901 
29.644461,-3.514781,  7-13989396 ,   8806-1902 
84.47601,31.90622,     27-1476 ,  8045-12705 
291.19131,1.594091,  7-17617673 ,  8695-12703 
119.988295378,50.427737229,    1-378753 ,   8715-6102 
190.582431495,45.4378646384,    1-259091 ,   8341-1901 
255.37054,10.364429,  7-14268956 ,   9858-3704 
247.57407,40.59861,    1-135057 ,  8601-12703 
49.9468538118,0.623822203484,     1-38166 ,   8081-3702 
320.98135,58.575414,  3-22615981 ,   9664-9101 
239.339148027,54.6710733079,     1-91582 ,   8481-3702 
83.66665,31.5715,     27-1509 ,  8045-12701 
250.453203157,41.8187374779,     1-94422 ,   8978-6103 
85.876314,-0.48358751,  3-46863102 ,   8893-6103 
192.87994,12.54825,     4-20459 ,   8269-9102 
297.36295,49.588966,  7-18188540 ,   9861-3704 
83.464591,-6.4649181,  3-60836118 ,   9659-3704 
295.99025,42.968986,  7-18114721 ,   9129-9101 
166.09891,12.096753,   7-7725132 ,   9682-3703 
116.919170676,18.478553388,    1-297846 ,   9492-3704 
289.90562,-28.819527, 3-101286500 ,   9098-6104 
320.166227919,1.11735037898,    1-179981 ,   8615-6103 
194.16002111,28.1062643769,    1-456526 ,   8931-9102 
289.037,43.643147,  7-17399143 ,  9079-12703 
297.51876,46.044076,  7-18053524 ,   9023-1902 
163.622700303,50.5775427178,    1-148780 ,   8999-1901 
313.91413,64.098053,  3-12256716 ,   8698-3701 
83.635376,11.585601,  7-26897046 ,  8883-12703 
136.671423992,41.3651069434,    1-585433 ,   8247-3701 
66.061844,19.42027,  7-25764536 ,   8777-9101 
218.335551581,40.5502139407,    1-252126 ,   8335-3703 
291.50409,1.527028,  7-17583570 ,   8694-3702 
159.21672,25.581399, 3-125612648 ,   8959-3702 
119.834859985,42.0570733284,     1-44483 ,   8143-3702 
221.792028246,33.2104733849,    1-314040 ,   9024-3702 
57.9008365797,-6.45482973828,     1-51970 ,   8728-3702 
63.967491,24.723313,  7-25326556 ,   8778-6104 
339.85159,44.528113,  7-22043605 ,   8697-9101 
171.3568219,51.8839320984,    1-149650 ,  8992-12701 
127.027493024,26.9118288966,    1-298906 ,  9510-12705 
315.57601,55.667001,  3-21194211 ,   8677-3703 
262.996722074,59.9716380852,     1-25725 ,   8611-3704 
82.058688,10.678764,  3-32458750 ,   8887-6102 
129.634702602,24.8987741464,    1-385052 ,   9501-1902 
259.79543423,61.5422704447,     1-23784 ,   8611-9102 
292.31467,37.07372,  3-14221643 ,   8630-6101 
67.20035,49.24439,     27-1171 ,   8040-6104 
193.89657,41.86446,       4-820 ,  8098-12702 
297.88089,18.255705, 54-38648021 ,   9975-1902 
241.30721,5.8128764, 3-140134315 ,   8636-6104 
165.90373,11.79719,   7-7716706 ,   9065-9101 
194.80098,27.897617,        50-4 ,  8479-12704 
215.55297,57.581997, 3-152511406 ,   8963-6102 
297.09018,44.543083,  7-18125885 ,   9130-3703 
82.048242,4.114203,  7-26870095 ,   8905-6104 
125.880386088,18.4481561244,    1-460463 ,   8241-6104 
126.535608471,23.7399228582,    1-384548 ,  8939-12705 
159.92148,39.504284, 3-136745938 ,   9690-6104 
223.61098242,53.2174411839,    1-631640 ,   8592-9101 
226.81675,67.38997,     4-16847 ,  8271-12702 
57.1040919143,-6.62606055908,    1-604172 ,  8727-12705 
235.176658256,43.7512524887,    1-199454 ,   9037-3704 
54.272829,24.121817,  3-51985875 ,  9257-12701 
231.478756028,41.9097725983,    12-84617 ,   7443-3704 
259.376307236,57.0681032516,     1-23927 ,   8625-3703 
153.034483163,46.2936923797,    1-167564 ,  8453-12705 
337.36685,50.662495,  3-54888176 ,   9535-1902 
54.762901,23.820806,  3-51488576 ,  9257-12702 
121.720459522,19.8592023018,    1-383017 ,   9490-1902 
142.13573,50.79362,    1-605884 ,  8439-12703 
147.638799664,34.0988189132,    1-389503 ,   8944-1901 
85.675721,9.5864377,  3-28769882 ,   9482-3701 
69.502161,26.122596,  3-25131179 ,   9288-6104 
321.2944,11.25861,     4-12646 ,  8121-12701 
140.3945,27.49972,      4-2083 ,   8100-6102 
57.418721,68.367169,       51-24 ,   9674-6101 
230.652568187,29.8957624364,    1-316030 ,   9044-6102 
315.20757,35.367355,  3-48776221 ,   8688-3704 
117.776020185,47.3333526281,    1-548196 ,   8714-6103 
119.165933097,44.1010079182,     1-44100 ,   8141-6101 
171.898080923,47.3793949684,    1-588617 ,  8945-12701 
140.79899,28.2578,      4-2666 ,   8099-3702 
200.273355398,31.8312984504,    1-419240 ,   8442-6101 
239.73077,6.1838277, 3-139452364 ,   8640-1901 
206.007949798,25.9411986626,    1-423024 ,   8983-3704 
242.10095866,29.7548343494,    1-269179 ,  9028-12701 
240.40413,5.1458436, 3-139221563 ,   8634-6102 
222.981012263,46.7484117581,    1-576439 ,  9033-12702 
331.21003,55.660684,  7-21809674 ,   8692-1902 
247.583911576,39.8043232273,    1-211084 ,   8312-1902 
122.380643684,39.801879834,    1-122361 ,   9486-6102 
195.094625216,28.5744704007,    1-404191 ,  8935-12705 
118.474514028,20.7827704892,    1-298228 ,   9497-6103 
57.100883,67.770444,       51-27 ,   9674-6104 
277.63302,4.9878568,  7-16395562 ,  9801-12704 
7.8252577,57.593286,  3-55932466 ,   8702-6104 
291.01369,37.660927,  3-12733826 ,   9132-6104 
215.449747404,42.327856382,    1-266288 ,   8333-3703 
296.52982,50.064673,  7-18237701 ,  9861-12704 
83.928151,-6.5810638,  3-60276308 ,   9533-1902 
51.291846,63.492815,  3-10400902 ,   8810-9101 
100.95012,-0.86199,    7-514658 ,   8782-6102 
139.18915,21.46752,      4-4602 ,   8117-1901 
257.752216191,56.9353408648,    1-595027 ,  7991-12701 
258.656838948,57.3054170144,     1-23951 ,   8625-3701 
122.519651295,19.7455904192,    1-383589 ,   9490-3704 
194.235751252,28.6233719519,    1-404279 ,   8935-3702 
352.76952,41.072289,  7-22892778 ,  9260-12704 
43.416024,36.421474,  7-23848482 ,  9521-12703 
65.212362,60.297929,   3-6470762 ,   8680-6102 
94.47179,44.42147,      4-1167 ,   8101-6104 
60.908941,36.225903,  7-25380058 ,   8665-3704 
166.08027,11.862428, 3-113701574 ,   9672-3703 
277.9983,3.2875816,  3-45213401 ,   9801-6104 
196.302144249,28.1524314734,    1-457198 ,  8933-12703 
114.733630043,47.4737808791,    1-548076 ,  8134-12704 
204.806912689,24.8930759381,    1-458316 ,   9881-1901 
119.811560997,37.3277476896,    1-122044 ,   9181-9102 
142.81433,48.493589, 3-149442302 ,  9775-12705 
94.044045,-6.586214,  7-27958565 ,   8908-3704 
63.606022,23.553356,  7-25426678 ,   8779-3704 
189.032061007,46.6432899922,    1-282653 ,  8341-12701 
322.44767,11.608183,  3-94513000 ,  9305-12701 
192.43669,-2.371971,   7-9259886 ,   8916-3704 
133.685669869,57.4802503218,     1-48188 , 10001-12702 
263.9209,55.47128,     1-24251 ,  8626-12705 
237.840393721,43.4176865196,    1-594069 ,   9036-3702 
289.81472,-0.92762228,  3-70952120 ,  9116-12703 
205.282730985,23.2820554311,    1-568584 ,   8311-6104 
320.25653,32.142034,  3-60679829 ,   9123-6104 
135.818210094,56.6253848319,     1-55552 ,  10001-9102 
322.44927834,0.396249358221,    1-289868 ,   8616-6102 
209.6777,32.631333,  7-10364379 ,   9683-6102 
86.240869,10.298298,  7-27290308 ,   9482-3702 
201.777437777,49.049317198,    1-234632 ,   8319-6103 
226.95596,36.218901,  7-11750223 ,   9772-1901 
207.067074342,25.7334869762,    1-423101 ,   8443-3702 
272.41767,-9.0634442,    3-109755 ,   8638-1902 
175.948649015,54.7074976278,    1-188218 ,  8995-12702 
274.00611,-4.7315169,  3-53542136 ,  9114-12705 
206.13123,-0.8482,     4-20929 ,  8266-12701 
281.77647,-26.402485,  3-96493623 ,   9074-9101 
198.00646,72.01789,   7-9466398 ,   9012-1902 
85.30866,-2.41813,  3-51016209 ,   8895-3702 
157.723267521,41.2210951037,    1-255090 ,  8455-12703 
83.29268,11.146621,  7-26943593 ,   8884-6102 
131.09903,12.404821, 3-137026230 ,   8975-9101 
255.24015,10.755783,  7-14269767 ,   9679-1901 
322.451923884,-0.313554702629,    1-180163 ,   7968-1901 
179.09264,19.70984,   7-8284863 ,   9018-6102 
156.45947,16.04902,     4-13520 ,   8120-3703 
161.2382,38.777448, 3-135037860 ,   9516-6104 
93.374671,-6.0189579, 3-145894774 ,   8908-6101 
260.12316,56.532262,  7-14688136 ,  9071-12702 
83.167682,12.233352,  7-26867121 ,  8886-12704 
320.24506,31.243924,  3-62319881 ,   8664-3701 
255.895283788,36.4015364012,    1-634477 ,   7957-1901 
206.29537,-0.49258104, 3-113005845 ,  9684-12705 
142.412,47.302385, 3-149189710 ,   9534-6101 
221.62202,-7.4099642, 3-115541542 ,   9015-3701 
253.93796,10.363872,  7-13583428 ,   9859-6101 
115.2927,4.8282907, 3-141700055 ,  9532-12703 
143.33912,54.932508, 3-151800806 ,   9540-6103 
323.02613,13.348267,  7-20654411 ,   9305-9102 
213.813097542,47.8733435601,    1-320681 ,   8326-1901 
287.73084,42.454286,  7-17187070 ,   9079-1902 
59.213322,25.26786,  3-42204324 ,  8780-12705 
153.92384006,45.367076756,    1-167403 ,   8454-9101 
242.34365,24.822869,  7-12888620 ,   8970-9101 
294.52834,49.101369,  7-17865148 ,   9021-6102 
208.32975,32.321278, 3-137764272 ,  9730-12702 
297.40691,47.349733,  7-18205795 ,   9022-9101 
205.1635,0.169612,  7-10276904 ,   9685-6102 
191.99966,10.853374, 3-112694611 ,   8918-9102 
278.35909,2.8503179,  3-46893878 ,   9120-3704 
140.80389,46.971633, 3-149567824 ,   9670-9101 
120.547357773,51.7348775206,    1-379124 ,   8715-3703 
70.20044,32.72501,     27-1379 ,   8043-6102 
236.02959,47.29463,    1-633225 ,  8486-12703 
16.334106,3.405486,   7-6822519 ,   8661-1901 
53.93485,0.83642046,  3-90367739 ,  9520-12704 
349.8332,52.510342,  3-66198060 ,  9303-12704 
230.34232,66.76148,     4-16537 ,   8112-1902 
127.96917,0.19404,   7-4481201 ,   8795-1901 
314.60971,0.18089,    1-179247 ,  7964-12701 
55.26456,62.58833,      27-942 ,   8039-3704 
284.96111,16.450503,  3-32563140 ,   9004-3704 
81.453059,12.383785,  7-26960629 ,  8886-12703 
137.983505636,27.8992697013,    1-386695 ,   8987-9102 
110.8348,1.695612,   7-2432857 ,  9529-12702 
91.98706,45.1252,      4-1259 ,   8101-1901 
11.762521,41.249744,       52-15 ,   9677-3703 
222.848380537,51.4761226141,    1-246442 ,  8592-12701 
350.54762,52.480554,  3-67292255 ,   9303-6102 
226.35013,21.028399, 3-141669941 ,   8915-3703 
94.42431,45.26036,       4-926 ,   8102-3703 
301.24424,45.309756,  3-16634559 ,   9128-6104 
153.231920862,46.4177099017,    1-167380 ,   8453-3701 
298.40131,18.825245,  7-18585696 ,  9975-12702 
121.352443699,47.744077647,     1-44865 ,   8719-3702 
83.631845,1.006898,  3-47420245 ,  9473-12703 
138.90946,21.480058, 3-138759125 ,   8926-3704 
119.643311577,41.578406654,     1-44047 ,   8143-1902 
285.23219,32.173595,  7-16841273 ,  9122-12701 
62.487226,24.652533,  3-38180051 ,   8779-3702 
59.922324,36.073083,  3-24640798 ,  8665-12704 
281.96223,43.495179,  7-16585965 ,   8673-9102 
288.204,-2.9528522,  7-17201655 ,   9976-3701 
282.37537,-24.109407,  3-95263746 ,   9073-9102 
135.412695933,27.6091527296,    1-386274 ,  9506-12703 
191.674632081,43.309041216,    1-259195 ,   8317-6101 
82.720933,1.0867606,  3-49017355 ,  8902-12704 
244.9458,52.517314, 3-157355218 ,   8920-6101 
44.634543,35.697246,  3-48989167 ,   9521-6103 
242.065591427,42.7070243134,    1-210098 ,  8979-12703 
51.3177727742,-0.40903918768,     1-38353 ,   8085-9101 
225.09604,22.689205,  7-11774432 ,   8915-6102 
62.4258562524,-6.31556310132,     1-52588 ,  8158-12704 
102.14529,-0.33011436, 3-145012158 ,  8803-12703 
322.91046,6.2316075,  3-98739640 ,   9119-3704 
190.86799,12.256245, 3-112797967 ,  8918-12701 
332.238573881,11.8776065621,    1-114973 ,  7977-12702 
118.318165157,35.5725757854,    1-121735 ,   8717-3703 
131.89493,13.150947, 3-137025941 ,   8974-6103 
194.790172367,27.867392873,    1-456914 ,  8933-12705 
152.458553899,45.8509105794,    1-167356 ,   8454-6103 
78.595694,24.468402,  3-16103874 ,   9671-9102 
176.18611,1.12443,     4-19466 ,   8270-9102 
247.856495063,46.3241798011,     1-94168 ,   8484-6102 
122.247464028,36.6875143484,    1-605037 ,   9485-3704 
234.60459264,48.0559143122,    1-209151 ,  8485-12702 
84.724451,-12.775642,  53-1343352 ,   9676-3704 
131.883825158,53.9052505941,     1-47248 ,   8243-6104 
255.72003,-21.831972, 3-125825167 ,   8557-3704 
243.407714996,49.0694089344,     1-92774 ,   8482-3701 
205.355710988,23.2474871744,    1-568583 ,   9881-3704 
283.70883,-9.8999812,  7-16971968 ,   9800-3701 
258.548475763,57.9760977732,     1-24092 ,   7991-1901 
243.425164664,48.8992232706,     1-92771 ,   8482-6101 
53.7267334058,-0.788922235044,     1-38528 ,   8155-1902 
225.11816,67.11471,     4-16917 ,   8112-9101 
166.68762,12.278087, 3-113585009 ,   9672-6104 
305.51814,60.170526,  3-10882374 ,  8696-12704 
127.003330613,20.1668620446,    1-412736 ,  9488-12705 
126.384623178,27.6087093682,    1-230291 ,   9510-3704 
153.378123617,43.9979617648,    1-221753 ,   8454-6101 
240.418740846,46.085291751,    1-134293 ,   8549-6103 
276.85668,3.4917098,  7-16142991 ,  9802-12705 
349.20775,41.493726,  7-22743112 ,   8687-3704 
112.557747581,40.8856710657,    1-338389 ,   8131-1901 
125.8514,0.709059,   7-4335204 ,   8794-6103 
138.3433,22.662583, 3-139927714 ,   8813-9101 
297.35469,46.969351,  7-18060408 ,   9023-9102 
116.854914291,43.9186203408,    1-338746 ,   8137-3703 
218.662631073,47.9683332314,    1-321170 ,   9868-6103 
119.704813211,37.4054606321,     1-71790 ,   9181-6102 
242.751057523,26.642849101,    1-265769 ,   9088-6102 
85.918374,-3.4108628,  3-52009238 ,   8895-1902 
291.59568,28.991509,  3-22411305 ,  9306-12701 
66.194996,40.634536,  7-25725707 ,   8704-3703 
62.975538,22.895356,  3-40428287 ,  8779-12702 
226.81197,37.479508, 3-148921680 ,   9772-6104 
256.77565585,35.6399780306,    1-547135 ,   7957-1902 
247.135764945,24.721865161,    1-295506 ,   9049-6101 
288.08233,-1.0439042,  7-17297742 ,   9977-6103 
216.10992,50.635568,  7-11017374 ,   9063-9101 
81.729027,11.613384,  7-26856990 ,   8886-3701 
322.45106,11.988712,  3-94199072 ,  9305-12702 
71.75139,32.249444,  3-15068638 ,   8666-3701 
37.426778,62.140974,  7-23270175 ,   9245-3704 
27.6536619348,13.1102002694,     1-42704 ,   9195-6102 
199.377441982,31.0926945393,    1-591588 ,  8442-12705 
279.26622,3.3288624,  3-47457931 ,  8708-12705 
289.12318,46.144853,  7-17397000 ,   9803-3703 
11.711639,-10.821999, 3-106102592 ,   8659-3702 
117.739943026,45.9895292443,    1-339125 ,   8714-9101 
47.982276,48.515026,  7-24181992 ,  8681-12704 
84.068934,-0.4906967,  3-49528426 ,  9472-12705 
242.42831,51.639786, 3-156746868 ,   8920-6102 
237.025402888,29.202319309,    1-264510 ,   9041-1902 
249.056775643,40.7082929709,    1-135608 ,   8978-6101 
247.097122106,39.5703039555,    1-210784 ,   8604-6104 
298.32864,18.140127,  7-18418356 ,   9975-3704 
172.574258062,50.4303971772,    1-174629 ,   8947-3703 
235.751708063,44.1722529298,    1-247782 ,   9037-3703 
178.185,1.35864,     27-1859 ,   8052-9102 
82.075033,-0.179176,  7-26765109 ,   9476-1901 
80.989561,23.637671,  7-27186810 ,   8774-9102 
287.39255,46.875108,  7-17108848 ,  8671-12703 
213.110482013,45.6904101161,    1-592743 ,   8329-6104 
65.497848,42.000622,  7-25700663 ,  8704-12703 
131.244455934,25.7392809331,    1-385361 ,   9500-9101 
288.51154,-28.393012, 3-100635399 ,   9097-3702 
211.534055461,46.6025498913,    1-235301 ,   8325-6102 
289.8257,41.666372,  7-17463101 , 10012-12704 
223.779212841,33.7244456023,    1-593543 ,   9024-6102 
261.607611692,58.5888563574,     1-25593 ,   7990-6104 
85.866153,-2.7498886,  3-50522940 ,   8895-3703 
225.67448,21.289828,  7-11702333 ,   9010-1902 
92.472791,-5.143388,  7-27852553 ,   8909-1901 
84.609175,-0.081829859,  3-47968833 ,  9472-12702 
51.82045,49.467828,  7-24546418 ,   9662-3701 
141.72949,47.694766, 3-149442508 ,   9534-6102 
84.39302,-1.842516,  7-26806496 ,  8895-12702 
210.176336711,45.8334223968,    1-286558 ,  8325-12701 
285.68184,-9.4830427,  3-79248904 ,   9111-6103 
247.560972961,26.2064735616,    1-269632 ,   9049-1901 
229.22768,1.973369,  7-11709970 ,   9017-1902 
341.15205,23.549655,  3-98056635 ,   8658-1902 
218.600034104,48.0374809129,    1-321167 ,   9868-1901 
315.503123061,10.3769516613,    1-113315 ,   7972-3702 
287.35572,41.861928,  7-17134756 ,   9079-6102 
254.01896,11.707237, 3-148908665 ,  9679-12704 
114.880984537,39.7889055602,     1-43188 ,  8566-12701 
260.83588,56.464814, 3-160406398 ,  9072-12705 
244.52024,51.66004, 3-157179911 ,   8967-3704 
180.13697,19.291508,   7-8602948 ,   8801-3704 
129.893515911,25.4770889113,    1-385070 ,  9501-12701 
209.251980577,43.3620339874,    1-251279 ,  8332-12705 
165.29167,12.24854, 3-114066177 ,   9779-1901 
192.50627,-3.2056336, 3-109545248 ,  8916-12705 
247.630905644,41.0941029331,    1-135536 ,  9869-12701 
283.31111,-10.313377,  7-17037366 ,  9686-12701 
287.4214,45.755508,  7-17086810 ,   9803-6101 
121.131993204,39.9385738013,     1-72209 ,  9182-12705 
333.72864,67.997583,  3-17450492 ,  9262-12703 
94.817682,-4.1351715, 3-146176094 ,   8812-6103 
319.193098655,11.0437407875,    1-113712 ,   7815-6104 
258.592168246,34.6612451934,    1-547375 ,   9185-9102 
163.51919,-3.536769,   7-7638537 ,   8961-6103 
132.03453,11.02381,      4-3862 ,   8115-1902 
261.706139018,56.8107818784,     1-24375 ,  8625-12705 
294.67194,45.824257,  7-17692320 ,   8674-6102 
194.45986,42.372581,   7-9157270 ,   8797-6102 
26.13891,-18.516173, 3-105795004 ,   8660-1901 
79.327813,25.768248,  7-26579671 ,   8774-6103 
357.223131022,0.642192413136,     1-29874 ,  8655-12703 
294.67365,46.122461,  7-17945236 ,  9304-12704 
284.76449,44.755559,  7-16832837 ,   9860-9101 
227.200243557,30.1705525451,    1-631890 ,   9045-9101 
141.15619,28.06941,      4-2949 ,  8100-12702 
259.59523,-25.163029, 3-126048932 ,   8556-6104 
144.52643,36.0392,    1-301241 ,   8462-9101 
139.171289037,29.3394923014,    1-386727 ,   9505-1901 
142.23108,47.242045, 3-149189708 ,   9729-1902 
163.29516,-3.82573,   7-7544348 ,  8922-12701 
259.32219,-24.507476, 3-126306258 ,   8556-1902 
117.964463339,46.0694301321,    1-339111 ,   8714-3702 
233.617351512,44.9568730987,    1-247395 ,   8551-6103 
210.00831,33.285148, 3-139462001 ,  9544-12703 
40.31462,37.36266,     4-15014 ,   8113-1901 
243.67362,51.035149, 3-156917814 ,  8920-12702 
137.03265263,45.9209619515,    1-155558 ,   8249-3702 
165.72976,10.684075,   7-7707819 ,   9064-1902 
200.78324,71.486903,   7-9765842 ,  9068-12705 
102.52063,24.70098,      4-2036 ,   8103-6101 
258.88263,-24.446989, 3-126059849 ,   8556-3701 
278.01623,3.6017919,  3-44643260 ,  9120-12704 
140.69623,48.185556,   7-5869227 ,   9780-1901 
247.480416346,40.6599580358,    1-135101 ,   9869-3701 
164.039340951,44.4282567585,    1-276550 ,   8254-3703 
196.061751441,26.1161917315,    1-457097 ,  9876-12705 
4.762317,67.76619,    7-149900 ,   8700-6101 
291.6252,1.578416,  7-17637940 ,  8694-12701 
25.620627,31.647992,  3-81982652 ,   9291-3702 
169.787590121,53.8378312049,    1-187072 ,   9000-3701 
270.41977,-8.423633,  7-15645150 ,  9857-12702 
242.91558,51.687664, 3-156918023 ,  8966-12702 
119.486337418,39.9933651629,     1-71987 ,   9182-6102 
206.33545,0.73888999,     4-20899 ,   8266-9102 
292.26978,37.69816,  3-13613036 ,  8560-12703 
1.0006657,-0.19759429, 3-106010730 ,   9243-3701 
314.28947,56.574461,  3-19006162 ,  9124-12703 
85.664317,14.840053,  7-27536329 ,   8805-9102 
83.804825,0.6227085,  3-47968139 ,  9472-12703 
282.01944,44.568188,  7-16565620 ,  10009-3702 
101.43906,-4.473485,    7-737172 ,   8907-3704 
349.16572,51.17768,      27-459 ,   7997-3701 
176.67088,0.07413542, 3-108912221 ,   8930-9101 
152.26032,25.896116, 3-131370212 ,   9691-3703 
36.349117,61.453749,  7-23280270 ,  9245-12704 
340.50895,46.318979,  3-68404878 ,   9301-3703 
127.019573204,28.5503339298,    1-230395 ,   9510-3702 
83.510662,11.728914,  7-26958139 ,   8887-6104 
296.75425,49.45439,  7-18241715 ,  9861-12705 
210.0583,32.553362, 3-138991791 ,   9778-6102 
239.65751,5.03576,  7-12450415 ,   9125-1902 
27.529862933,13.1103745569,     1-42703 ,   9195-6101 
178.11444,33.448575,   7-8320968 ,   8799-1902 
131.98635,11.03022,      4-3293 ,   8116-1901 
311.658778146,0.339357846417,    1-178824 ,   8623-6102 
205.203897366,38.2718746062,    1-418197 ,   8330-6104 
295.65886,49.165376,  7-18000939 ,  9861-12701 
283.3557,16.627352,  3-29909502 ,  9004-12701 
240.347024275,43.0850402916,    1-248214 ,   9036-3704 
218.6235,58.502084, 3-153426362 ,   8963-6104 
46.9437505345,-0.787567162954,     1-37335 ,   9193-9102 
84.42318,33.31619,     27-1445 ,   8044-3701 
60.44173,36.49057,     27-1339 ,  8042-12705 
236.21348212,43.5140567495,    1-247713 ,   9037-6104 
192.75267,43.164094, 3-134064759 ,  8797-12704 
284.30569,41.011779,  7-16896964 ,   9127-6103 
239.436637925,41.7095243117,    1-247976 ,   8313-6103 
192.356451251,26.7864476354,    1-455684 ,  8950-12701 
103.84297,-3.677162,    7-726409 ,  8907-12703 
119.315453104,47.8030370862,    1-351511 ,   8567-6102 
289.23452,-29.718446, 3-101283456 ,   9098-6102 
122.135669705,20.5373774612,    1-383648 ,  9490-12704 
206.334432527,41.3889308304,    1-260534 ,  8331-12705 
333.41817,40.389642,  7-21826385 ,   8679-3701 
194.653147531,27.8494808325,    1-456559 ,   8933-9102 
233.165628887,43.0578073386,    1-199224 ,   9870-9102 
272.60844,-4.6532673,  3-51029427 ,  9112-12701 
183.113323668,35.8834911662,    1-419351 ,   8554-1902 
341.35589,24.276004,  3-97870737 ,   8658-9101 
83.626242,11.333646,  7-26918002 ,   8884-1902 
221.485183467,45.9158181732,    1-321512 ,   9033-6101 
67.542687,1.5349383,  3-70677577 ,   8773-6103 
322.04857688,0.299884814769,    1-289865 ,  8615-12703 
137.335924379,45.0655135856,    1-137875 ,   8249-6102 
190.04556,-3.022661,   7-9196894 ,   9013-9101 
99.84825,22.64827,     27-1661 ,   8048-6102 
260.754690516,27.5694731016,    1-178443 ,   7962-6104 
119.923886435,27.0035013286,    1-163989 ,   8149-1902 
121.886131979,30.8124577638,    1-146463 ,   8938-9102 
173.046344588,53.3060985449,    1-188309 ,  8996-12704 
85.464045,-12.062913,  53-1343442 ,   9676-6101 
156.810365722,38.2045029032,    1-274244 ,  8568-12703 
284.56949,-10.852456,  7-16885783 ,   9686-1901 
351.2252,52.45152,      27-408 ,   7997-9102 
151.59389,25.092268, 3-131370362 ,   9691-9102 
239.195689664,47.9955208307,    1-133922 ,   8486-6104 
81.941482,-2.763705,  3-56499443 ,   9477-1902 
253.97963,-21.870641, 3-124511998 ,   8558-3702 
113.14579,65.717365, 3-159271288 ,   9666-1901 
253.58289,10.639912, 3-148257311 ,  9859-12701 
344.92397,59.30423,      27-220 ,   7999-6102 
6.08216,57.84431,      27-784 ,   8034-3702 
60.27083,37.40409,     27-1309 ,  8042-12704 
242.472340567,26.6258918729,    1-265750 ,   9088-9102 
67.560484,61.551948,   3-5241579 ,   8809-6104 
291.05065,30.457143,  7-17605996 ,   9307-3702 
104.20812,-1.7288172, 3-143354839 ,   8803-3703 
247.688425711,26.0952495416,    1-269638 ,  9047-12703 
233.840977841,27.124639923,    1-375053 ,   9042-6102 
318.026426419,11.3451572409,    1-113567 ,  7815-12701 
287.87843,51.026407,  7-17259784 ,  10008-1901 
147.867176956,32.9436569737,    1-585758 ,   8150-3702 
284.04191,18.19011,  3-28309766 ,  9004-12703 
291.06777,36.895733,  3-13310982 ,   9133-3704 
210.00831,33.285148, 3-139462001 ,  8912-12703 
197.43661,72.877662, 3-155692277 ,   9068-6103 
127.75526,-0.067460999,   7-4245660 ,   8924-3703 
194.016555995,27.1504441962,    1-456371 ,   8931-1901 
55.806779,67.918458,        51-9 ,   9673-6103 
118.325311619,44.8660108525,     1-44216 ,   8138-3701 
225.8184,35.84831, 3-148006827 ,   9772-6101 
295.1759,10.73296,  7-18307985 ,  9294-12702 
285.95736,-10.277518,  7-16960597 ,   9800-1902 
192.269935204,43.8331684391,    1-259185 ,  8317-12701 
176.35873382,49.8790405576,    1-174947 ,   8989-9101 
277.05225,3.595341,  7-16209853 ,   9802-6101 
120.704799825,40.457409194,     1-72325 ,   9182-6103 
124.571110809,28.3492647544,    1-218444 ,   8942-6104 
174.727119751,49.6603597927,    1-589092 ,   8990-6103 
245.712748338,45.741993847,     1-93252 ,   8484-6103 
120.679260621,18.6319336183,    1-382736 ,   9491-9102 
38.872769,28.183513,  3-68470851 ,  8807-12704 
271.24107,-8.1077408,     3-28959 ,  8638-12704 
205.717244807,22.126968058,    1-519705 ,   8320-1902 
238.891298957,48.0223923799,    1-133948 ,   8486-6103 
229.164859076,42.9538517436,    1-322277 ,  9871-12704 
179.1714,19.798375,   7-8317020 ,  8802-12704 
128.687740769,52.7156862498,     1-46562 ,  8243-12701 
290.29194,37.833577,  3-11904173 ,   8630-9101 
86.031905,-0.9965958,  3-47422547 ,   8892-3701 
132.60904,11.955432,   7-4838744 ,  8972-12702 
126.3852,-0.08472184, 3-128276197 ,   8924-3701 
285.27629,-9.2595717,  3-78363841 ,   9110-6103 
164.96679,10.904282, 3-113701796 ,   9065-3704 
121.344103078,25.54201557,    1-218009 ,   8940-3704 
132.544738205,51.7753744061,     1-47618 ,   8244-1901 
206.86048,0.51306999,     4-21733 ,   8581-1902 
109.32034,1.881204,   7-2054418 ,   9530-1901 
58.4856337033,-7.07295391828,     1-51886 ,  8728-12702 
323.6674,60.558206,  3-22147627 ,   9664-6104 
34.012437,-6.5438615, 3-103682198 ,   8662-6101 
173.806890998,51.1619349883,    1-149878 ,   8992-6104 
87.946094,9.387927,  7-27304770 ,  9482-12704 
128.250742039,26.0140506945,    1-298752 ,  9507-12701 
82.905794,11.500533,  7-26899537 ,  8887-12705 
158.49302,24.45473, 3-125091470 ,   8889-3701 
100.53024,5.4451,     27-1790 ,  8050-12705 
142.3596,46.527475, 3-148801596 ,   9729-3704 
176.82539,35.758988,   7-8286582 ,   8799-6103 
84.448848,-0.39655418,  3-49019308 ,   9471-1902 
272.85239,-5.0172379,  3-52022442 ,   9114-3701 
224.205960905,41.5964025465,    1-235976 ,   8980-3704 
291.29829,1.513917,  7-17492221 ,   8694-6104 
291.49962,39.552021,  7-17439054 ,  9133-12703 
144.516003237,42.9743220132,    1-166613 ,   8461-3701 
121.700818354,53.1996150945,    1-379454 ,  8712-12701 
119.611553119,44.0462231025,     1-44083 ,   8141-9102 
57.7295749472,-7.06064700684,     1-51939 ,  8728-12701 
172.682670654,22.3635385076,    1-491225 ,   8338-6102 
238.948509456,44.668543326,    1-209823 ,  9036-12703 
218.268988443,51.5223147848,    1-246064 ,   8595-1901 
246.551623929,25.6166228569,    1-295790 ,   9047-9101 
83.014312,10.01108,  3-31934709 ,  8881-12701 
165.06949,11.126738, 3-113701746 ,  9682-12701 
240.618266812,44.5414487067,    1-209722 ,   9031-1901 
292.66473,45.512782,   3-9799853 ,   9304-3702 
82.897562,-7.181961,  3-63006608 ,   9659-6102 
110.88088,3.068216,   7-2403689 ,  9530-12703 
37.436397,62.658567,  7-23447117 ,  9248-12704 
203.190093994,26.5803756714,    1-458092 ,   8982-3703 
350.70839,51.70157,      27-427 ,  7997-12705 
280.83426,-25.040565,  3-94967302 ,   9075-6103 
222.42861,-6.189436,  7-11479111 ,   9015-3702 
190.92092,-2.579214,   7-9227333 ,   9014-9101 
253.29464,11.071974, 3-148387416 ,   9680-3702 
116.599480276,27.3382111795,    1-201183 ,   8147-3702 
194.872523039,27.850127122,    1-456924 ,   8932-1902 
72.74015,32.95937,     27-1361 ,  8043-12705 
229.88609,0.879058,  7-11747827 ,   9017-6104 
24.978111,31.570179,  3-82836458 ,  9291-12702 
52.7789268292,-0.915973761209,     1-38612 ,   8155-3701 
189.705788835,44.9585256539,    1-259050 ,   8341-9101 
138.968616475,42.4015162608,    1-217304 ,   8250-3701 
83.51719,32.07625,     27-1475 ,  8045-12703 
115.22481,40.06964,    1-584598 ,   8566-3704 
191.28275,-2.245237,   7-9202585 ,   9013-9102 
40.587722,-11.68755, 3-103575682 ,  8663-12703 
177.40816,19.010244,   7-8393854 ,  9019-12701 
291.23552,0.519917,  7-17399596 ,  8695-12702 
85.957023,-3.0870729,  3-51016461 ,   8894-1901 
252.170749159,63.4791984597,     1-22347 ,   7992-3701 
153.05813,26.737921, 3-131723125 ,   9669-9102 
286.581,43.38813,      4-5001 ,   8104-6102 
201.971931237,28.5081687796,    1-395622 ,   8984-9101 
232.681082643,44.6272507303,    1-198859 ,   8551-6102 
191.31517,-1.732571,   7-9180384 ,  9014-12704 
167.10448,11.576555,   7-7847370 ,  9672-12703 
138.55054,22.810939, 3-139927677 ,  8926-12702 
178.12389,0.25073998,     27-1869 ,   8051-3704 
246.073455506,39.2110394724,    1-210863 ,   8604-6102 
92.405504,-5.138894,  7-28214709 ,   8909-9101 
141.89735,48.051052, 3-149567582 ,  9775-12701 
184.2509,33.517369,       14-13 ,   7444-1902 
320.56917,32.627382,  3-60680930 ,  8664-12704 
288.24142,40.121081,  7-17353112 ,  10012-9101 
92.40666,-5.332626,  7-28122751 ,  8909-12703 
84.809146,-1.4812093,  3-50029033 ,   8896-3702 
82.501827,2.8092254,  3-45741959 ,   8905-6102 
296.35257,42.752526,  7-18017570 ,  9129-12702 
53.05236,48.900526,  7-24516288 ,   9662-9102 
129.3707291,26.0143770356,    1-385225 ,  9501-12704 
319.751163159,-0.963991563033,    1-179561 ,   8615-1902 
12.9745,62.96318,      27-836 ,   8035-3701 
239.90659463,45.1619324114,    1-209952 ,   9031-6101 
70.574419,24.977442,  3-25616377 ,   9288-3704 
294.07486,38.53989,     4-10521 ,  8110-12701 
61.4532623945,-6.32383706666,     1-52660 ,   8158-3704 
271.171,-9.748949,  3-57552276 ,  8667-12705 
297.57851,42.756708,  7-18193771 ,   9130-1902 
86.446823,42.796355,  7-27453599 ,  8814-12702 
221.786518508,50.1957073163,    1-246331 ,  8595-12705 
249.770169345,39.2907848202,    1-135794 ,   8588-1902 
140.39879069,43.2572462761,    1-147394 ,  8250-12705 
322.31996,11.888846,  7-20957418 ,   8706-3702 
248.140878523,26.3807396123,    1-270129 ,   9047-6104 
215.96758,58.135832, 3-152745015 ,  8963-12702 
235.669362292,45.432085787,    1-247882 ,   8551-9102 
247.688690721,39.1952321045,    1-211273 ,  8602-12702 
81.93476,-1.940965,  7-27196687 ,   9477-3704 
291.00342,37.893227,  3-12455868 ,  8631-12704 
231.99773,42.84963,    1-593862 ,  9872-12703 
291.45736,1.514914,  7-17407540 ,   8695-1901 
198.701371544,47.3515467821,    1-285031 ,   8465-3703 
140.69623,48.185556,   7-5869227 ,   9727-1901 
238.373566349,27.389890108,      46-184 ,   9888-9102 
190.70209,-2.6284908, 3-109409592 ,  9013-12702 
210.29057,32.955469,  7-10619481 ,   9665-3703 
49.1085522243,0.321642725666,     1-37973 ,   8082-3702 
270.40087,-7.688611,  3-53017602 ,   8667-6103 
141.07081,27.23723,      4-2840 ,  8099-12702 
255.58137,-21.854205, 3-125825160 ,  8557-12704 
341.98443,23.559896,  3-98587275 ,   8658-3704 
206.13123,-0.8482,     4-21098 ,  8581-12701 
49.279783,47.057179,  3-26080921 ,  8808-12705 
152.514716814,47.1209306545,    1-147522 ,   8453-9102 
314.61725,56.447564,  3-19423048 ,   9124-9102 
86.20605,-1.062794,  3-47422548 ,  8893-12701 
224.17798,22.266134,  7-11362406 ,   8914-6103 
241.12021,5.3806356, 3-139680531 ,   8635-6101 
164.978081902,43.1477035287,    1-255939 ,  8255-12702 
63.019262,24.045879,  3-38180619 ,   8778-3703 
132.68998,11.926593, 3-135343234 ,   8973-1901 
93.72852,44.03132,      4-1258 ,  8101-12705 
299.77713,45.341523,  3-15236510 ,   9128-6102 
115.669066274,48.022175773,    1-378549 ,   8239-1901 
59.50743,11.305313,  3-65712664 ,  8686-12705 
322.253154429,0.182613494027,    1-180298 ,  8616-12701 
210.35711,32.837156, 3-139461894 ,   9778-9102 
145.47476,55.597995, 3-151434958 ,  9689-12704 
138.935541667,44.2360887374,    1-137853 ,  8249-12705 
85.04093,31.81223,     27-1486 ,   8045-6104 
83.027756,10.198698,  7-26849629 ,  8880-12705 
123.070671389,49.3774557708,     1-45399 ,   8720-3702 
288.35577,45.867326,  7-17088408 ,   8672-3701 
129.49546279,25.0487808569,    1-385108 ,   9502-3704 
39.2954315425,0.0121931197899,     1-36698 ,   8153-3704 
131.4695,12.95951,      4-3278 ,   8116-3702 
329.51496,46.310721,  3-53360855 ,   8678-3702 
290.61316,37.339121,  3-12732917 ,   9132-3704 
26.035164,-18.78361,  7-13988456 ,   8660-6102 
173.637733355,46.166337697,    1-279381 ,   8945-6101 
120.715023341,46.1570329943,     1-44726 ,   8718-3702 
143.03409,26.79849,      4-2071 ,   8100-1902 
263.09890886,55.4146779223,    1-634789 ,   8626-6101 
209.9604,32.608613, 3-138991844 ,   9778-3703 
247.844097158,39.1678263093,    1-210701 ,   8603-3704 
117.300550626,17.5661640893,    1-382326 ,   9492-6101 
259.55248,57.184162, 3-160253295 ,  9007-12702 
173.145047731,49.1096518237,    1-615485 ,   8990-3701 
48.4384159113,-0.241460052673,     1-38101 ,  8082-12702 
236.901377571,26.0637670424,    1-375695 ,  9888-12705 
148.897830631,45.5547225025,    1-167083 ,  8458-12703 
163.76292,48.249713, 3-141678613 ,  9804-12703 
51.5812647501,-0.91264876048,     1-38334 ,   8084-3704 
3.7763201,67.932648,  3-31825274 ,   8701-1901 
164.05374,-3.441281,   7-7444782 ,   8921-3704 
215.52283,56.886528,  7-11070156 ,   8964-9101 
237.522038541,45.3380278865,    1-209439 ,  9035-12703 
135.722564417,43.2477264356,    1-137795 ,  8247-12702 
143.86129,47.98933, 3-148931256 ,   9729-6104 
116.389688776,45.7723275492,    1-339166 ,  8138-12703 
8.322583,57.046524,  7-24889982 ,   8702-3702 
20.733468,84.395604,   3-2631555 ,   9069-1902 
151.284661833,44.5140468179,    1-167169 ,  8456-12705 
281.80264,-24.655708,  3-95259987 ,   9074-6104 
85.657597,-7.0754481,  3-58603289 ,   9660-6104 
208.75196,32.977409,  7-10379595 ,   9778-1901 
129.35373,24.88009,    1-585188 ,  9502-12704 
274.39693,-5.589263,  3-55529447 ,  9113-12705 
239.987945488,41.4777751316,    1-248357 ,   8313-9102 
82.429096,-0.49575161,  3-52005815 ,   9476-6103 
152.48485,25.042607, 3-130323918 ,  9691-12705 
132.58939,11.37404,      4-3895 ,   8116-6104 
166.01663,22.6354,    1-486243 ,  8448-12702 
53.6865150057,-1.24578377207,    1-202101 ,   8155-9102 
246.209997029,21.6138741605,    1-318621 ,   9050-9102 
66.760529,18.536946,  7-25771864 ,  8777-12704 
283.52599,16.64061,  7-17072697 ,  9295-12701 
42.2280037733,-0.966787630477,     1-36892 ,   8078-3704 
181.827576407,46.7275255533,    1-575845 ,   8261-3702 
41.63828,36.89113,     4-15010 ,   8113-9102 
182.66438703,36.6145041695,    1-419533 ,   8554-3702 
40.5600858575,0.8778073766,     1-36827 ,   8153-9102 
81.310003,-2.349038,  7-26817439 ,   9479-3704 
193.06119,41.02368,     4-17885 ,   8264-6101 
102.60433,24.84567,      4-2020 ,  8103-12701 
288.32799,-0.44359547,  3-67632955 ,   9977-3702 
240.65805398,41.2934271029,    1-248389 ,   8313-6101 
138.12037,22.468473, 3-139927790 ,   8813-1902 
92.016441,-6.5784074, 3-146180870 ,   8908-6102 
138.02732196,42.9545996238,    1-558247 ,   8247-6104 
313.43137,55.885363,  7-20154236 ,   9298-6103 
71.46526,33.89512,     27-1383 ,   8043-3703 
215.274863658,48.3081727439,    1-320655 ,   8326-3703 
273.63364,5.8385902,  3-33558618 ,   8971-9102 
288.06965,40.875557,   3-8333901 ,  10012-1901 
145.860507483,36.2373813035,    1-301537 ,   8462-6101 
119.973719867,55.374818222,    1-379660 ,   8712-1901 
83.412176,11.247953,  7-27088587 ,  8880-12703 
227.71268,36.445337, 3-148921455 ,   9688-9102 
172.246907998,22.9599058459,    1-491200 ,   8338-3701 
314.77862,36.041451,  7-20139897 ,   8688-9101 
244.641620293,45.7426365079,    1-569034 ,  8548-12701 
141.97915,29.07356,      4-2954 ,  8100-12703 
201.560998184,47.3003378894,    1-575733 ,   8319-9102 
251.05389,-1.8207983, 3-140807119 ,   9009-6103 
320.46719,31.077198,  3-62859124 ,   8664-1902 
143.88594,54.782531, 3-151557308 ,  9540-12702 
81.381969,12.629748,  7-26847948 ,  8886-12702 
122.043473817,37.7629023594,    1-121936 ,  9485-12703 
58.673524,24.398289,  3-44581518 ,  8888-12704 
98.75638,23.2836,     27-1658 ,   8048-1901 
202.533480747,48.8932602825,    1-234341 ,   8319-9101 
215.89973,57.874874, 3-152627741 ,   8962-3702 
289.93145,-27.740077, 3-100980170 ,   9098-3702 
83.91593,-1.983451,  7-26739530 ,   9468-6103 
126.48833,-0.78359399,   7-4205494 ,   8795-9102 
140.040319545,27.2888540219,    1-387016 ,  9505-12703 
315.533514754,11.0751131018,    1-113322 ,  7972-12701 
79.7052,24.47553,     4-14206 ,   8119-6101 
322.34799,52.38414,       27-88 ,   7996-6103 
194.89067,27.965617,        50-2 ,  8953-12702 
120.351855044,44.8760493913,     1-44361 ,   8718-6102 
199.97395,71.684783,   7-9483071 ,   9067-6103 
296.22187,42.814648,  7-18190504 ,   9130-9101 
321.32169,11.51935,     4-12663 ,   8121-1901 
256.179611837,34.5585186449,    1-177231 ,  9185-12701 
272.44539,-8.9692881,     3-98458 ,   8637-9101 
174.747994795,49.7780345061,    1-174895 ,  8990-12704 
41.3789555443,0.920638397764,     1-37034 ,   8077-1901 
163.53408,-1.8389392, 3-110381930 ,   8921-9102 
214.375197857,47.7149584725,    1-320642 ,  8326-12704 
85.80183,-2.6652522,  3-50522724 ,   8898-3702 
254.22338,10.868717,  7-13641743 ,   9858-3701 
208.9539,33.47966,  7-10372075 ,   9544-9101 
142.10782,48.799365, 3-149818448 ,   9729-6103 
49.4836331115,1.04534962996,     1-38136 ,   8081-6104 
195.2498,41.45481,       4-823 ,  8098-12704 
334.61943,51.146668,  3-50877994 ,   9535-6103 
79.499565,-0.98611717,  3-57012853 ,   9478-6103 
20.802478,1.066288, 3-104266063 ,  8683-12703 
227.481185986,28.3821764749,    1-436574 ,   9891-6101 
305.83437,57.876264,  3-12521205 ,   8696-3701 
194.43217,42.681164, 3-134724013 ,   8797-3704 
236.008027786,27.6993113757,    1-593989 ,   9888-3701 
316.39166,54.18755,  3-24028633 ,   8677-3704 
238.820533349,53.8074462429,     1-91652 ,   8481-6101 
113.46876,5.056026, 3-142818421 ,  9531-12704 
162.225,-2.354961,   7-7449566 ,   8922-3701 
286.00453,32.917203,  3-12437287 ,  9122-12705 
178.8442,34.9058, 3-118743745 ,   8799-3703 
166.106858433,45.7817118443,    1-278075 ,   8257-6104 
289.832,38.331298,  3-11359416 ,  9133-12701 
122.735620823,25.6847130209,    1-230100 ,   9509-3704 
323.16784,11.933675,  3-94812862 ,   8706-9101 
224.41491734,53.0063352948,    1-576294 ,   8592-9102 
81.638561,11.849282,  7-26867689 ,  8885-12701 
79.596425,24.810274,  3-15080992 ,  9517-12705 
335.50726,50.274143,  3-53886916 ,   9535-6102 
262.48377647,53.477365959,     1-24524 ,   9196-9102 
233.71260364,56.4510785715,     1-90192 ,   8553-6102 
79.86733,24.90602,     4-14191 ,   8118-9101 
292.48764,30.269066,  7-17948113 ,   9307-9101 
242.41595,24.701771,  7-12881966 ,   8969-3702 
47.426979,48.763387,  7-24331380 ,   8681-9102 
206.70580204,39.0837085374,    1-627377 ,  8447-12702 
206.00906,-1.303762,  7-10295589 ,   9685-9101 
41.2805684533,0.950165001317,     1-37018 ,  8077-12704 
241.15163,5.0266112, 3-139451502 ,  8635-12705 
49.9293385832,0.565477825589,     1-38168 ,  8083-12703 
241.005278975,46.8029102028,    1-134248 ,   8549-3702 
120.918897692,46.7273933044,     1-44722 ,   8714-9102 
117.982110064,27.3029716097,    1-604856 ,  8147-12705 
135.833415124,40.4647129399,    1-216973 ,  8440-12705 
328.81705,45.420136,  3-53862806 ,  9261-12701 
192.36721,13.380633,   7-9144239 ,   8965-9102 
243.22210877,29.4184768875,    1-269491 ,   9028-6103 
224.018183078,45.4052658652,    1-576436 ,  9033-12705 
121.105654703,39.9306244963,     1-72211 ,   9183-3702 
195.40783,42.976902, 3-135904805 ,  8797-12703 
103.43837,-2.1661595, 3-143519597 ,  8803-12705 
330.49603,55.085853,  7-21854370 ,   8692-6102 
259.246928781,32.2458860679,    1-547290 ,   7960-9102 
243.178262849,22.9841583694,    1-318315 ,  9095-12704 
240.912436689,41.1530561798,    1-248289 ,   8313-6102 
147.277688884,44.0486811007,    1-166889 ,   8459-9101 
218.35049,49.52662, 3-150182731 ,   9063-9102 
127.60994,-0.167375,   7-4217046 ,  8794-12705 
355.17039,39.414868,  7-23574653 ,   9260-1902 
329.62212,46.053504,  3-53865175 ,   8678-3703 
42.5327611629,-0.266960497214,     1-36890 ,   8078-6102 
118.36085,29.35946,    1-604864 ,  8937-12705 
215.18499,58.186088, 3-152627846 ,   8963-9101 
224.54268,22.511342, 3-141670427 ,   8914-6102 
82.679801,-0.626416,  7-26847967 ,   9475-3704 
49.940137223,-0.077189233391,     1-38033 ,   8081-6102 
49.2288666096,-0.0420070079219,     1-38062 ,   8080-3702 
219.227540718,46.8017683736,    1-321256 ,   9868-6102 
25.997006,-16.949622, 3-105706310 ,   8660-6103 
120.655607932,26.2935543287,    1-163894 ,   8149-6101 
92.93003,44.52046,       4-916 ,   8102-6102 
63.405724,22.965983,  7-25250976 ,   8778-9101 
